﻿<?xml version="1.0" encoding="utf-8"?>
<abapGit version="v1.0.0" serializer="LCL_OBJECT_FUGR" serializer_version="v1.0.0">
 <asx:abap xmlns:asx="http://www.sap.com/abapxml" version="1.0">
  <asx:values>
   <AREAT>Provide the main dynpro</AREAT>
   <INCLUDES>
    <SOBJ_NAME>LZABAP_TOC_MAIN_SCREENTOP</SOBJ_NAME>
    <SOBJ_NAME>SAPLZABAP_TOC_MAIN_SCREEN</SOBJ_NAME>
   </INCLUDES>
   <FUNCTIONS>
    <item>
     <FUNCNAME>Z_ABAP_TOC_DISPLAY</FUNCNAME>
     <SHORT_TEXT>Display the main screen</SHORT_TEXT>
     <IMPORT>
      <RSIMP>
       <PARAMETER>CONTROLLER</PARAMETER>
       <REFERENCE>X</REFERENCE>
       <TYP>REF TO ZCL_ZABAP_TOC_REPORT</TYP>
       <REF_CLASS>X</REF_CLASS>
      </RSIMP>
     </IMPORT>
     <DOCUMENTATION>
      <RSFDO>
       <PARAMETER>CONTROLLER</PARAMETER>
       <KIND>P</KIND>
      </RSFDO>
     </DOCUMENTATION>
    </item>
   </FUNCTIONS>
   <DYNPROS>
    <item>
     <HEADER>
      <PROGRAM>SAPLZABAP_TOC_MAIN_SCREEN</PROGRAM>
      <SCREEN>0001</SCREEN>
      <LANGUAGE>E</LANGUAGE>
      <DESCRIPT>Carrier screen</DESCRIPT>
      <TYPE>N</TYPE>
      <NEXTSCREEN>0001</NEXTSCREEN>
      <LINES>080</LINES>
      <COLUMNS>255</COLUMNS>
     </HEADER>
     <CONTAINERS>
      <RPY_DYCATT>
       <TYPE>SCREEN</TYPE>
       <NAME>SCREEN</NAME>
      </RPY_DYCATT>
      <RPY_DYCATT>
       <TYPE>CUST_CTRL</TYPE>
       <NAME>MAIN_AREA</NAME>
       <ELEMENT_OF>SCREEN</ELEMENT_OF>
       <LINE>001</LINE>
       <COLUMN>001</COLUMN>
       <LENGTH>255</LENGTH>
       <HEIGHT>080</HEIGHT>
       <C_RESIZE_V>X</C_RESIZE_V>
       <C_RESIZE_H>X</C_RESIZE_H>
       <C_LINE_MIN>014</C_LINE_MIN>
       <C_COLN_MIN>080</C_COLN_MIN>
      </RPY_DYCATT>
     </CONTAINERS>
     <FIELDS>
      <RPY_DYFATC>
       <CONT_TYPE>SCREEN</CONT_TYPE>
       <CONT_NAME>SCREEN</CONT_NAME>
       <TYPE>OKCODE</TYPE>
       <NAME>OKCODE</NAME>
       <TEXT>____________________</TEXT>
       <LENGTH>020</LENGTH>
       <VISLENGTH>020</VISLENGTH>
       <HEIGHT>001</HEIGHT>
       <FORMAT>CHAR</FORMAT>
       <INPUT_FLD>X</INPUT_FLD>
      </RPY_DYFATC>
     </FIELDS>
    </item>
   </DYNPROS>
   <CUA>
    <ADM>
     <ACTCODE>000001</ACTCODE>
     <PFKCODE>000001</PFKCODE>
    </ADM>
    <STA>
     <RSMPE_STAT>
      <CODE>MAIN</CODE>
      <MODAL>D</MODAL>
      <ACTCODE>000001</ACTCODE>
      <PFKCODE>000001</PFKCODE>
      <BUTCODE>0001</BUTCODE>
      <INT_NOTE>main</INT_NOTE>
     </RSMPE_STAT>
    </STA>
    <FUN>
     <RSMPE_FUNT>
      <CODE>ENTER</CODE>
      <TEXTNO>001</TEXTNO>
      <TEXT_TYPE>S</TEXT_TYPE>
      <FUN_TEXT>Enter</FUN_TEXT>
     </RSMPE_FUNT>
     <RSMPE_FUNT>
      <CODE>EXIT</CODE>
      <TEXTNO>001</TEXTNO>
      <TYPE>E</TYPE>
      <TEXT_TYPE>S</TEXT_TYPE>
      <FUN_TEXT>Back</FUN_TEXT>
     </RSMPE_FUNT>
     <RSMPE_FUNT>
      <CODE>EXIT</CODE>
      <TEXTNO>002</TEXTNO>
      <TYPE>E</TYPE>
      <TEXT_TYPE>S</TEXT_TYPE>
      <FUN_TEXT>Exit</FUN_TEXT>
     </RSMPE_FUNT>
     <RSMPE_FUNT>
      <CODE>EXIT</CODE>
      <TEXTNO>003</TEXTNO>
      <TYPE>E</TYPE>
      <TEXT_TYPE>S</TEXT_TYPE>
      <TEXT_NAME>ICON_CANCEL</TEXT_NAME>
      <ICON_ID>@0W@</ICON_ID>
      <FUN_TEXT>Cancel</FUN_TEXT>
     </RSMPE_FUNT>
    </FUN>
    <PFK>
     <RSMPE_PFK>
      <CODE>000001</CODE>
      <PFNO>00</PFNO>
      <FUNCODE>ENTER</FUNCODE>
      <FUNNO>001</FUNNO>
     </RSMPE_PFK>
     <RSMPE_PFK>
      <CODE>000001</CODE>
      <PFNO>03</PFNO>
      <FUNCODE>EXIT</FUNCODE>
      <FUNNO>001</FUNNO>
     </RSMPE_PFK>
     <RSMPE_PFK>
      <CODE>000001</CODE>
      <PFNO>12</PFNO>
      <FUNCODE>EXIT</FUNCODE>
      <FUNNO>003</FUNNO>
     </RSMPE_PFK>
     <RSMPE_PFK>
      <CODE>000001</CODE>
      <PFNO>15</PFNO>
      <FUNCODE>EXIT</FUNCODE>
      <FUNNO>002</FUNNO>
     </RSMPE_PFK>
    </PFK>
    <SET>
     <RSMPE_STAF>
      <STATUS>MAIN</STATUS>
      <FUNCTION>ENTER</FUNCTION>
     </RSMPE_STAF>
     <RSMPE_STAF>
      <STATUS>MAIN</STATUS>
      <FUNCTION>EXIT</FUNCTION>
     </RSMPE_STAF>
    </SET>
    <DOC>
     <RSMPE_ATRT>
      <OBJ_TYPE>A</OBJ_TYPE>
      <OBJ_CODE>000001</OBJ_CODE>
      <MODAL>D</MODAL>
      <INT_NOTE>main</INT_NOTE>
     </RSMPE_ATRT>
     <RSMPE_ATRT>
      <OBJ_TYPE>P</OBJ_TYPE>
      <OBJ_CODE>000001</OBJ_CODE>
      <MODAL>D</MODAL>
      <INT_NOTE>main</INT_NOTE>
     </RSMPE_ATRT>
     <RSMPE_ATRT>
      <OBJ_TYPE>B</OBJ_TYPE>
      <OBJ_CODE>000001</OBJ_CODE>
      <SUB_CODE>0001</SUB_CODE>
      <MODAL>D</MODAL>
      <INT_NOTE>main</INT_NOTE>
     </RSMPE_ATRT>
    </DOC>
    <TIT>
     <RSMPE_TITT>
      <CODE>MAIN</CODE>
      <TEXT>ZABAP Transport of Copies</TEXT>
     </RSMPE_TITT>
    </TIT>
   </CUA>
  </asx:values>
 </asx:abap>
</abapGit>
