﻿<?xml version="1.0" encoding="utf-8"?>
<abapGit version="v1.0.0" serializer="LCL_OBJECT_FUGR" serializer_version="v1.0.0">
 <asx:abap xmlns:asx="http://www.sap.com/abapxml" version="1.0">
  <asx:values>
   <INCLUDES>
    <SOBJ_NAME>LZABAP_TOCTOP</SOBJ_NAME>
    <SOBJ_NAME>SAPLZABAP_TOC</SOBJ_NAME>
   </INCLUDES>
   <FUNCTIONS>
    <item>
     <FUNCNAME>ZABAP_TOC_UNPACK</FUNCNAME>
     <REMOTE_CALL>R</REMOTE_CALL>
     <SHORT_TEXT>Unpack ToC at target system</SHORT_TEXT>
     <IMPORT>
      <RSIMP>
       <PARAMETER>TOC</PARAMETER>
       <TYP>TRKORR</TYP>
      </RSIMP>
      <RSIMP>
       <PARAMETER>TARGET_SYSTEM</PARAMETER>
       <TYP>TR_TARGET</TYP>
      </RSIMP>
      <RSIMP>
       <PARAMETER>IGNORE_VERSION</PARAMETER>
       <TYP>CHAR1</TYP>
      </RSIMP>
     </IMPORT>
     <EXPORT>
      <RSEXP>
       <PARAMETER>ERROR</PARAMETER>
       <TYP>STRING</TYP>
      </RSEXP>
      <RSEXP>
       <PARAMETER>RET_CODE</PARAMETER>
       <TYP>TRRETCODE</TYP>
      </RSEXP>
     </EXPORT>
     <DOCUMENTATION>
      <RSFDO>
       <PARAMETER>TOC</PARAMETER>
       <KIND>P</KIND>
      </RSFDO>
      <RSFDO>
       <PARAMETER>TARGET_SYSTEM</PARAMETER>
       <KIND>P</KIND>
      </RSFDO>
      <RSFDO>
       <PARAMETER>IGNORE_VERSION</PARAMETER>
       <KIND>P</KIND>
      </RSFDO>
      <RSFDO>
       <PARAMETER>ERROR</PARAMETER>
       <KIND>P</KIND>
      </RSFDO>
      <RSFDO>
       <PARAMETER>RET_CODE</PARAMETER>
       <KIND>P</KIND>
      </RSFDO>
     </DOCUMENTATION>
    </item>
   </FUNCTIONS>
  </asx:values>
 </asx:abap>
</abapGit>
