﻿<?xml version="1.0" encoding="utf-8"?>
<abapGit version="v1.0.0" serializer="LCL_OBJECT_FUGR" serializer_version="v1.0.0">
 <asx:abap xmlns:asx="http://www.sap.com/abapxml" version="1.0">
  <asx:values>
   <AREAT>Get description from user</AREAT>
   <INCLUDES>
    <SOBJ_NAME>LZABAP_TOC_DESCRIPTIONI01</SOBJ_NAME>
    <SOBJ_NAME>LZABAP_TOC_DESCRIPTIONO01</SOBJ_NAME>
    <SOBJ_NAME>LZABAP_TOC_DESCRIPTIONTOP</SOBJ_NAME>
    <SOBJ_NAME>SAPLZABAP_TOC_DESCRIPTION</SOBJ_NAME>
   </INCLUDES>
   <FUNCTIONS>
    <item>
     <FUNCNAME>ZABAP_TOC_ASK_USER_DESCRIPTION</FUNCNAME>
     <SHORT_TEXT>Ask user for description</SHORT_TEXT>
     <CHANGING>
      <RSCHA>
       <PARAMETER>DESCRIPTION</PARAMETER>
       <REFERENCE>X</REFERENCE>
       <TYP>STRING</TYP>
      </RSCHA>
      <RSCHA>
       <PARAMETER>ASK_USER</PARAMETER>
       <REFERENCE>X</REFERENCE>
       <TYP>ABAP_BOOL</TYP>
      </RSCHA>
      <RSCHA>
       <PARAMETER>USE_COUNTER</PARAMETER>
       <REFERENCE>X</REFERENCE>
       <TYP>ABAP_BOOL</TYP>
      </RSCHA>
      <RSCHA>
       <PARAMETER>COUNTER</PARAMETER>
       <REFERENCE>X</REFERENCE>
       <TYP>I</TYP>
      </RSCHA>
     </CHANGING>
     <EXPORT>
      <RSEXP>
       <PARAMETER>USER_CONFIRMED</PARAMETER>
       <REFERENCE>X</REFERENCE>
       <TYP>ABAP_BOOL</TYP>
      </RSEXP>
     </EXPORT>
     <DOCUMENTATION>
      <RSFDO>
       <PARAMETER>USER_CONFIRMED</PARAMETER>
       <KIND>P</KIND>
      </RSFDO>
      <RSFDO>
       <PARAMETER>DESCRIPTION</PARAMETER>
       <KIND>P</KIND>
      </RSFDO>
      <RSFDO>
       <PARAMETER>ASK_USER</PARAMETER>
       <KIND>P</KIND>
      </RSFDO>
      <RSFDO>
       <PARAMETER>USE_COUNTER</PARAMETER>
       <KIND>P</KIND>
      </RSFDO>
      <RSFDO>
       <PARAMETER>COUNTER</PARAMETER>
       <KIND>P</KIND>
      </RSFDO>
     </DOCUMENTATION>
    </item>
   </FUNCTIONS>
   <DYNPROS>
    <item>
     <HEADER>
      <PROGRAM>SAPLZABAP_TOC_DESCRIPTION</PROGRAM>
      <SCREEN>0001</SCREEN>
      <LANGUAGE>E</LANGUAGE>
      <DESCRIPT>Ask user for description</DESCRIPT>
      <TYPE>N</TYPE>
      <NEXTSCREEN>0001</NEXTSCREEN>
      <LINES>005</LINES>
      <COLUMNS>105</COLUMNS>
     </HEADER>
     <CONTAINERS>
      <RPY_DYCATT>
       <TYPE>SCREEN</TYPE>
       <NAME>SCREEN</NAME>
      </RPY_DYCATT>
     </CONTAINERS>
     <FIELDS>
      <RPY_DYFATC>
       <CONT_TYPE>SCREEN</CONT_TYPE>
       <CONT_NAME>SCREEN</CONT_NAME>
       <TYPE>TEXT</TYPE>
       <NAME>DESCRIPTION_LABEL</NAME>
       <TEXT>Description__________</TEXT>
       <LINE>001</LINE>
       <COLUMN>001</COLUMN>
       <LENGTH>021</LENGTH>
       <VISLENGTH>021</VISLENGTH>
       <HEIGHT>001</HEIGHT>
       <FORMAT>CHAR</FORMAT>
       <REQU_ENTRY>N</REQU_ENTRY>
       <LABELLEFT>X</LABELLEFT>
      </RPY_DYFATC>
      <RPY_DYFATC>
       <CONT_TYPE>SCREEN</CONT_TYPE>
       <CONT_NAME>SCREEN</CONT_NAME>
       <TYPE>TEMPLATE</TYPE>
       <NAME>DESCRIPTION_INPUT</NAME>
       <TEXT>__________________________________________________________________________________</TEXT>
       <LINE>001</LINE>
       <COLUMN>023</COLUMN>
       <LENGTH>082</LENGTH>
       <VISLENGTH>082</VISLENGTH>
       <HEIGHT>001</HEIGHT>
       <FORMAT>CHAR</FORMAT>
       <INPUT_FLD>X</INPUT_FLD>
       <OUTPUT_FLD>X</OUTPUT_FLD>
      </RPY_DYFATC>
      <RPY_DYFATC>
       <CONT_TYPE>SCREEN</CONT_TYPE>
       <CONT_NAME>SCREEN</CONT_NAME>
       <TYPE>CHECK</TYPE>
       <NAME>USE_COUNTER_CHECKBOX</NAME>
       <TEXT>Use_counter</TEXT>
       <ICON_QINFO>#{COUNTER}_will_be_added_to_de</ICON_QINFO>
       <ICON_QSPEC>X</ICON_QSPEC>
       <LINE>002</LINE>
       <COLUMN>001</COLUMN>
       <LENGTH>047</LENGTH>
       <VISLENGTH>013</VISLENGTH>
       <HEIGHT>001</HEIGHT>
       <FORMAT>CHAR</FORMAT>
       <INPUT_FLD>X</INPUT_FLD>
       <OUTPUT_FLD>X</OUTPUT_FLD>
      </RPY_DYFATC>
      <RPY_DYFATC>
       <CONT_TYPE>SCREEN</CONT_TYPE>
       <CONT_NAME>SCREEN</CONT_NAME>
       <TYPE>TEMPLATE</TYPE>
       <NAME>COUNTER_INPUT</NAME>
       <TEXT>______</TEXT>
       <LINE>002</LINE>
       <COLUMN>016</COLUMN>
       <LENGTH>006</LENGTH>
       <VISLENGTH>006</VISLENGTH>
       <HEIGHT>001</HEIGHT>
       <FORMAT>INT8</FORMAT>
       <INPUT_FLD>X</INPUT_FLD>
       <OUTPUT_FLD>X</OUTPUT_FLD>
      </RPY_DYFATC>
      <RPY_DYFATC>
       <CONT_TYPE>SCREEN</CONT_TYPE>
       <CONT_NAME>SCREEN</CONT_NAME>
       <TYPE>CHECK</TYPE>
       <NAME>ASK_USER_CHECKBOX</NAME>
       <TEXT>Display_this_window_next_time</TEXT>
       <LINE>003</LINE>
       <COLUMN>001</COLUMN>
       <LENGTH>031</LENGTH>
       <VISLENGTH>031</VISLENGTH>
       <HEIGHT>001</HEIGHT>
       <FORMAT>CHAR</FORMAT>
       <INPUT_FLD>X</INPUT_FLD>
       <OUTPUT_FLD>X</OUTPUT_FLD>
      </RPY_DYFATC>
      <RPY_DYFATC>
       <CONT_TYPE>SCREEN</CONT_TYPE>
       <CONT_NAME>SCREEN</CONT_NAME>
       <TYPE>PUSH</TYPE>
       <NAME>CONFIRM_BUTTON</NAME>
       <TEXT>Confirm___________</TEXT>
       <ICON_NAME>ICON_OKAY</ICON_NAME>
       <WITH_ICON>X</WITH_ICON>
       <LINE>005</LINE>
       <COLUMN>078</COLUMN>
       <LENGTH>023</LENGTH>
       <VISLENGTH>011</VISLENGTH>
       <HEIGHT>001</HEIGHT>
       <PUSH_FCODE>CONFIRM</PUSH_FCODE>
       <FORMAT>CHAR</FORMAT>
       <REQU_ENTRY>N</REQU_ENTRY>
      </RPY_DYFATC>
      <RPY_DYFATC>
       <CONT_TYPE>SCREEN</CONT_TYPE>
       <CONT_NAME>SCREEN</CONT_NAME>
       <TYPE>PUSH</TYPE>
       <NAME>CANCEL_BUTTON</NAME>
       <TEXT>Cancel____________________</TEXT>
       <ICON_NAME>ICON_CANCEL</ICON_NAME>
       <WITH_ICON>X</WITH_ICON>
       <LINE>005</LINE>
       <COLUMN>094</COLUMN>
       <LENGTH>031</LENGTH>
       <VISLENGTH>011</VISLENGTH>
       <HEIGHT>001</HEIGHT>
       <PUSH_FCODE>CANCEL</PUSH_FCODE>
       <FORMAT>CHAR</FORMAT>
       <REQU_ENTRY>N</REQU_ENTRY>
      </RPY_DYFATC>
      <RPY_DYFATC>
       <CONT_TYPE>SCREEN</CONT_TYPE>
       <CONT_NAME>SCREEN</CONT_NAME>
       <TYPE>OKCODE</TYPE>
       <TEXT>____________________</TEXT>
       <LENGTH>020</LENGTH>
       <VISLENGTH>020</VISLENGTH>
       <HEIGHT>001</HEIGHT>
       <FORMAT>CHAR</FORMAT>
       <INPUT_FLD>X</INPUT_FLD>
      </RPY_DYFATC>
     </FIELDS>
    </item>
   </DYNPROS>
   <CUA>
    <ADM>
     <ACTCODE>000001</ACTCODE>
     <PFKCODE>000001</PFKCODE>
    </ADM>
    <STA>
     <RSMPE_STAT>
      <CODE>EMPTY</CODE>
      <MODAL>D</MODAL>
      <ACTCODE>000001</ACTCODE>
      <PFKCODE>000001</PFKCODE>
      <BUTCODE>0001</BUTCODE>
      <INT_NOTE>EMPTY</INT_NOTE>
     </RSMPE_STAT>
    </STA>
    <DOC>
     <RSMPE_ATRT>
      <OBJ_TYPE>A</OBJ_TYPE>
      <OBJ_CODE>000001</OBJ_CODE>
      <MODAL>D</MODAL>
      <INT_NOTE>EMPTY</INT_NOTE>
     </RSMPE_ATRT>
     <RSMPE_ATRT>
      <OBJ_TYPE>P</OBJ_TYPE>
      <OBJ_CODE>000001</OBJ_CODE>
      <MODAL>D</MODAL>
      <INT_NOTE>EMPTY</INT_NOTE>
     </RSMPE_ATRT>
     <RSMPE_ATRT>
      <OBJ_TYPE>B</OBJ_TYPE>
      <OBJ_CODE>000001</OBJ_CODE>
      <SUB_CODE>0001</SUB_CODE>
      <MODAL>D</MODAL>
      <INT_NOTE>EMPTY</INT_NOTE>
     </RSMPE_ATRT>
    </DOC>
   </CUA>
  </asx:values>
 </asx:abap>
</abapGit>
