﻿<?xml version="1.0" encoding="utf-8"?>
<abapGit version="v1.0.0" serializer="LCL_OBJECT_CLAS" serializer_version="v1.0.0">
 <asx:abap xmlns:asx="http://www.sap.com/abapxml" version="1.0">
  <asx:values>
   <VSEOCLASS>
    <CLSNAME>ZCL_ZABAP_TOC_REPORT</CLSNAME>
    <LANGU>E</LANGU>
    <DESCRIPT>Report for managing ToC</DESCRIPT>
    <STATE>1</STATE>
    <CLSCCINCL>X</CLSCCINCL>
    <FIXPT>X</FIXPT>
    <UNICODE>X</UNICODE>
   </VSEOCLASS>
   <TPOOL>
    <item>
     <ID>I</ID>
     <KEY>C01</KEY>
     <ENTRY>Create ToC</ENTRY>
     <LENGTH>20</LENGTH>
    </item>
    <item>
     <ID>I</ID>
     <KEY>C02</KEY>
     <ENTRY>Create/Release ToC</ENTRY>
     <LENGTH>28</LENGTH>
    </item>
    <item>
     <ID>I</ID>
     <KEY>C03</KEY>
     <ENTRY>Create/Release/Import ToC</ENTRY>
     <LENGTH>50</LENGTH>
    </item>
    <item>
     <ID>I</ID>
     <KEY>C04</KEY>
     <ENTRY>ToC Number</ENTRY>
     <LENGTH>20</LENGTH>
    </item>
    <item>
     <ID>I</ID>
     <KEY>C05</KEY>
     <ENTRY>ToC Status</ENTRY>
     <LENGTH>20</LENGTH>
    </item>
    <item>
     <ID>I</ID>
     <KEY>C06</KEY>
     <ENTRY>Main transport</ENTRY>
     <LENGTH>24</LENGTH>
    </item>
    <item>
     <ID>I</ID>
     <KEY>C07</KEY>
     <ENTRY>Rel.</ENTRY>
     <LENGTH>14</LENGTH>
    </item>
    <item>
     <ID>I</ID>
     <KEY>E01</KEY>
     <ENTRY>Cancelled</ENTRY>
     <LENGTH>19</LENGTH>
    </item>
    <item>
     <ID>I</ID>
     <KEY>S01</KEY>
     <ENTRY>Created</ENTRY>
     <LENGTH>17</LENGTH>
    </item>
    <item>
     <ID>I</ID>
     <KEY>S02</KEY>
     <ENTRY>Released</ENTRY>
     <LENGTH>18</LENGTH>
    </item>
    <item>
     <ID>I</ID>
     <KEY>S03</KEY>
     <ENTRY>Importing...</ENTRY>
     <LENGTH>18</LENGTH>
    </item>
    <item>
     <ID>I</ID>
     <KEY>S04</KEY>
     <ENTRY>Imported with rc &amp;1</ENTRY>
     <LENGTH>19</LENGTH>
    </item>
   </TPOOL>
   <I18N_TPOOL>
    <item>
     <LANGUAGE>L</LANGUAGE>
     <TEXTPOOL>
      <item>
       <ID>I</ID>
       <KEY>C01</KEY>
       <ENTRY>Stwórz TK</ENTRY>
       <LENGTH>20</LENGTH>
      </item>
      <item>
       <ID>I</ID>
       <KEY>C02</KEY>
       <ENTRY>Stwórz/Zwolnij TK</ENTRY>
       <LENGTH>28</LENGTH>
      </item>
      <item>
       <ID>I</ID>
       <KEY>C03</KEY>
       <ENTRY>Stwórz/Zwolnij/Importuj TK</ENTRY>
       <LENGTH>50</LENGTH>
      </item>
      <item>
       <ID>I</ID>
       <KEY>C04</KEY>
       <ENTRY>Numer TK</ENTRY>
       <LENGTH>20</LENGTH>
      </item>
      <item>
       <ID>I</ID>
       <KEY>C05</KEY>
       <ENTRY>Status TK</ENTRY>
       <LENGTH>20</LENGTH>
      </item>
      <item>
       <ID>I</ID>
       <KEY>S01</KEY>
       <ENTRY>Utworzony</ENTRY>
       <LENGTH>17</LENGTH>
      </item>
      <item>
       <ID>I</ID>
       <KEY>S02</KEY>
       <ENTRY>Zwolniony</ENTRY>
       <LENGTH>18</LENGTH>
      </item>
      <item>
       <ID>I</ID>
       <KEY>S03</KEY>
       <ENTRY>Importowanie...</ENTRY>
       <LENGTH>18</LENGTH>
      </item>
      <item>
       <ID>I</ID>
       <KEY>S04</KEY>
       <ENTRY>Import z kodem &amp;1</ENTRY>
       <LENGTH>19</LENGTH>
      </item>
     </TEXTPOOL>
    </item>
   </I18N_TPOOL>
  </asx:values>
 </asx:abap>
</abapGit>
