﻿<?xml version="1.0" encoding="utf-8"?>
<abapGit version="v1.0.0" serializer="LCL_OBJECT_CLAS" serializer_version="v1.0.0">
 <asx:abap xmlns:asx="http://www.sap.com/abapxml" version="1.0">
  <asx:values>
   <VSEOCLASS>
    <CLSNAME>ZCL_ZABAP_TOC</CLSNAME>
    <LANGU>E</LANGU>
    <DESCRIPT>Managing Transport of Copies</DESCRIPT>
    <STATE>1</STATE>
    <CLSCCINCL>X</CLSCCINCL>
    <FIXPT>X</FIXPT>
    <UNICODE>X</UNICODE>
   </VSEOCLASS>
   <TPOOL>
    <item>
     <ID>I</ID>
     <KEY>E01</KEY>
     <ENTRY>Creation error - &amp;1</ENTRY>
     <LENGTH>29</LENGTH>
    </item>
    <item>
     <ID>I</ID>
     <KEY>E02</KEY>
     <ENTRY>Release error - &amp;1</ENTRY>
     <LENGTH>28</LENGTH>
    </item>
    <item>
     <ID>I</ID>
     <KEY>E03</KEY>
     <ENTRY>Import error - &amp;1</ENTRY>
     <LENGTH>28</LENGTH>
    </item>
    <item>
     <ID>I</ID>
     <KEY>E04</KEY>
     <ENTRY>Creation error - code &amp;1 in function &amp;2</ENTRY>
     <LENGTH>78</LENGTH>
    </item>
    <item>
     <ID>I</ID>
     <KEY>T01</KEY>
     <ENTRY>ToC &amp;1</ENTRY>
     <LENGTH>16</LENGTH>
    </item>
   </TPOOL>
   <I18N_TPOOL>
    <item>
     <LANGUAGE>L</LANGUAGE>
     <TEXTPOOL>
      <item>
       <ID>I</ID>
       <KEY>E01</KEY>
       <ENTRY>Błąd tworzenia - &amp;1</ENTRY>
       <LENGTH>29</LENGTH>
      </item>
      <item>
       <ID>I</ID>
       <KEY>E02</KEY>
       <ENTRY>Bład zwalniania - &amp;1</ENTRY>
       <LENGTH>28</LENGTH>
      </item>
      <item>
       <ID>I</ID>
       <KEY>E03</KEY>
       <ENTRY>Błąd importu - &amp;1</ENTRY>
       <LENGTH>28</LENGTH>
      </item>
      <item>
       <ID>I</ID>
       <KEY>E04</KEY>
       <ENTRY>Bład tworzenia - kod &amp;1 w funkcji &amp;2</ENTRY>
       <LENGTH>78</LENGTH>
      </item>
      <item>
       <ID>I</ID>
       <KEY>T01</KEY>
       <ENTRY>TK &amp;1</ENTRY>
       <LENGTH>16</LENGTH>
      </item>
     </TEXTPOOL>
    </item>
   </I18N_TPOOL>
  </asx:values>
 </asx:abap>
</abapGit>
